INSERT INTO role (id, role) VALUES (1, 'USER');
INSERT INTO role (id, role) VALUES (2, 'ADMIN');

INSERT INTO data (id, age, firstName, lastName, gender, ip) VALUES (1, 65, 'Franciszek', 'Nowak', 'MALE', '193.230.59.1');
INSERT INTO data (id, age, firstName, lastName, gender, ip) VALUES (2, 32, 'Weronika', 'Mucha', 'FEMALE', '193.230.59.2');
INSERT INTO data (id, age, firstName, lastName, gender, ip) VALUES (3, 24, 'Sebastian', 'Mazur', 'MALE', '193.230.59.3');
INSERT INTO data (id, age, firstName, lastName, gender, ip) VALUES (4, 40, 'Zofia', 'Nowak', 'FEMALE', '193.230.59.4');
INSERT INTO data (id, age, firstName, lastName, gender, ip) VALUES (5, 17, 'Natalia', 'Sadowska', 'FEMALE', '193.230.59.5');
INSERT INTO data (id, age, firstName, lastName, gender, ip) VALUES (6, 28, 'Jan', 'Kaczor', 'MALE', '193.230.59.6');
INSERT INTO data (id, age, firstName, lastName, gender, ip) VALUES (7, 32, 'Kinga', 'Sobczyk', 'FEMALE', '193.230.59.7');
INSERT INTO data (id, age, firstName, lastName, gender, ip) VALUES (8, 44, 'Jan', 'Mazurkiewicz', 'MALE', '193.230.59.8');
INSERT INTO data (id, age, firstName, lastName, gender, ip) VALUES (9, 51, 'Oliwia', 'Gajda', 'FEMALE', '193.230.59.9');
INSERT INTO data (id, age, firstName, lastName, gender, ip) VALUES (10, 67, 'Karol', 'Kowalik', 'MALE', '193.230.59.10');
INSERT INTO data (id, age, firstName, lastName, gender, ip) VALUES (11, 71, 'Bartek', 'Krawczyk', 'MALE', '193.230.59.11');
INSERT INTO data (id, age, firstName, lastName, gender, ip) VALUES (12, 83, 'Antonina', 'Makowska', 'FEMALE', '193.230.59.12');
INSERT INTO data (id, age, firstName, lastName, gender, ip) VALUES (13, 34, 'Hubert', 'Szewczyk', 'MALE', '193.230.59.13');
INSERT INTO data (id, age, firstName, lastName, gender, ip) VALUES (14, 36, 'Amelia', 'Markiewicz', 'FEMALE', '193.230.59.14');
INSERT INTO data (id, age, firstName, lastName, gender, ip) VALUES (15, 21, 'Krzysztof', 'Kwiatkowski', 'MALE', '193.230.59.15');
INSERT INTO data (id, age, firstName, lastName, gender, ip) VALUES (16, 23, 'Bartek', 'Kania', 'MALE', '193.230.59.16');
INSERT INTO data (id, age, firstName, lastName, gender, ip) VALUES (17, 29, 'Piotr', 'Grabowski', 'MALE', '193.230.59.17');
INSERT INTO data (id, age, firstName, lastName, gender, ip) VALUES (18, 33, 'Magdalena', 'Pawlak', 'FEMALE', '193.230.59.18');
INSERT INTO data (id, age, firstName, lastName, gender, ip) VALUES (19, 48, 'Julia', 'Kowalska', 'FEMALE', '193.230.59.19');
INSERT INTO data (id, age, firstName, lastName, gender, ip) VALUES (20, 30, 'Zofia', 'Michalska', 'FEMALE', '193.230.59.20');

INSERT INTO category (id, name) VALUES (1, 'Other');
INSERT INTO category (id, name) VALUES (2, 'Politics');
INSERT INTO category (id, name) VALUES (3, 'Sport');
INSERT INTO category (id, name) VALUES (4, 'Cooking');
INSERT INTO category (id, name) VALUES (5, 'Motorization');
INSERT INTO category (id, name) VALUES (6, 'History');
INSERT INTO category (id, name) VALUES (7, 'Social');
INSERT INTO category (id, name) VALUES (8, 'Education');
INSERT INTO category (id, name) VALUES (9, 'Internet');
INSERT INTO category (id, name) VALUES (10, 'Business');

INSERT INTO poll (id, question, account_id) VALUES (1, 'What is your favourite browser?', null);
INSERT INTO poll (id, question, account_id) VALUES (2, 'What is your favourite color?', null);
INSERT INTO poll (id, question, account_id) VALUES (3, 'What is your favourite sport?', null);
INSERT INTO poll (id, question, account_id) VALUES (4, 'What is your favorite historical period?', null);
INSERT INTO poll (id, question, account_id) VALUES (5, 'What is your favorite cryptocurrency?', null);
INSERT INTO poll (id, question, account_id) VALUES (6, 'What is your favorite superhero?', null);
INSERT INTO poll (id, question, account_id) VALUES (7, 'How many times you run per week?', null);

INSERT INTO answer (id, content, poll_id) VALUES (1, 'Mozilla', 1);
INSERT INTO answer (id, content, poll_id) VALUES (2, 'Opera', 1);
INSERT INTO answer (id, content, poll_id) VALUES (3, 'Chrome', 1);
INSERT INTO answer (id, content, poll_id) VALUES (4, 'Red', 2);
INSERT INTO answer (id, content, poll_id) VALUES (5, 'Blue', 2);
INSERT INTO answer (id, content, poll_id) VALUES (6, 'Black', 2);
INSERT INTO answer (id, content, poll_id) VALUES (7, 'Yellow', 2);
INSERT INTO answer (id, content, poll_id) VALUES (8, 'Football', 3);
INSERT INTO answer (id, content, poll_id) VALUES (9, 'Rugby', 3);
INSERT INTO answer (id, content, poll_id) VALUES (10, 'Hockey', 3);
INSERT INTO answer (id, content, poll_id) VALUES (11, 'Boxing', 3);
INSERT INTO answer (id, content, poll_id) VALUES (12, 'Middle ages', 4);
INSERT INTO answer (id, content, poll_id) VALUES (13, 'Ancient times', 4);
INSERT INTO answer (id, content, poll_id) VALUES (14, 'Modern era', 4);
INSERT INTO answer (id, content, poll_id) VALUES (15, 'Present', 4);
INSERT INTO answer (id, content, poll_id) VALUES (16, 'Bitcoin', 5);
INSERT INTO answer (id, content, poll_id) VALUES (17, 'Litecoin', 5);
INSERT INTO answer (id, content, poll_id) VALUES (18, 'Ripple', 5);
INSERT INTO answer (id, content, poll_id) VALUES (19, 'Cardano', 5);
INSERT INTO answer (id, content, poll_id) VALUES (20, 'Monero', 5);
INSERT INTO answer (id, content, poll_id) VALUES (21, 'Batman', 6);
INSERT INTO answer (id, content, poll_id) VALUES (22, 'Spiderman', 6);
INSERT INTO answer (id, content, poll_id) VALUES (23, 'Superman', 6);
INSERT INTO answer (id, content, poll_id) VALUES (24, '3 times', 7);
INSERT INTO answer (id, content, poll_id) VALUES (25, 'More than 3 times', 7);
INSERT INTO answer (id, content, poll_id) VALUES (26, 'Less than 3 times', 7);
INSERT INTO answer (id, content, poll_id) VALUES (27, 'I do not run', 7);

INSERT INTO poll_category (poll_id, category_id) VALUES (1, 9);
INSERT INTO poll_category (poll_id, category_id) VALUES (2, 1);
INSERT INTO poll_category (poll_id, category_id) VALUES (3, 3);
INSERT INTO poll_category (poll_id, category_id) VALUES (4, 6);
INSERT INTO poll_category (poll_id, category_id) VALUES (5, 10);
INSERT INTO poll_category (poll_id, category_id) VALUES (6, 1);
INSERT INTO poll_category (poll_id, category_id) VALUES (7, 3);

INSERT INTO data_answer (data_id, answer_id) VALUES (1, 1);
INSERT INTO data_answer (data_id, answer_id) VALUES (1, 5);
INSERT INTO data_answer (data_id, answer_id) VALUES (1, 8);
INSERT INTO data_answer (data_id, answer_id) VALUES (1, 14);
INSERT INTO data_answer (data_id, answer_id) VALUES (1, 24);
INSERT INTO data_answer (data_id, answer_id) VALUES (2, 2);
INSERT INTO data_answer (data_id, answer_id) VALUES (2, 15);
INSERT INTO data_answer (data_id, answer_id) VALUES (3, 5);
INSERT INTO data_answer (data_id, answer_id) VALUES (3, 2);
INSERT INTO data_answer (data_id, answer_id) VALUES (3, 11);
INSERT INTO data_answer (data_id, answer_id) VALUES (3, 27);
INSERT INTO data_answer (data_id, answer_id) VALUES (4, 3);
INSERT INTO data_answer (data_id, answer_id) VALUES (4, 7);
INSERT INTO data_answer (data_id, answer_id) VALUES (4, 9);
INSERT INTO data_answer (data_id, answer_id) VALUES (4, 13);
INSERT INTO data_answer (data_id, answer_id) VALUES (4, 24);
INSERT INTO data_answer (data_id, answer_id) VALUES (5, 6);
INSERT INTO data_answer (data_id, answer_id) VALUES (5, 10);
INSERT INTO data_answer (data_id, answer_id) VALUES (6, 1);
INSERT INTO data_answer (data_id, answer_id) VALUES (7, 2);
INSERT INTO data_answer (data_id, answer_id) VALUES (7, 5);
INSERT INTO data_answer (data_id, answer_id) VALUES (7, 8);
INSERT INTO data_answer (data_id, answer_id) VALUES (7, 15);
INSERT INTO data_answer (data_id, answer_id) VALUES (8, 3);
INSERT INTO data_answer (data_id, answer_id) VALUES (8, 7);
INSERT INTO data_answer (data_id, answer_id) VALUES (8, 8);
INSERT INTO data_answer (data_id, answer_id) VALUES (9, 1);
INSERT INTO data_answer (data_id, answer_id) VALUES (9, 14);
INSERT INTO data_answer (data_id, answer_id) VALUES (9, 24);
INSERT INTO data_answer (data_id, answer_id) VALUES (10, 3);
INSERT INTO data_answer (data_id, answer_id) VALUES (10, 5);
INSERT INTO data_answer (data_id, answer_id) VALUES (10, 9);
INSERT INTO data_answer (data_id, answer_id) VALUES (10, 25);
INSERT INTO data_answer (data_id, answer_id) VALUES (11, 2);
INSERT INTO data_answer (data_id, answer_id) VALUES (11, 10);
INSERT INTO data_answer (data_id, answer_id) VALUES (12, 16);
INSERT INTO data_answer (data_id, answer_id) VALUES (12, 2);
INSERT INTO data_answer (data_id, answer_id) VALUES (12, 5);
INSERT INTO data_answer (data_id, answer_id) VALUES (12, 13);
INSERT INTO data_answer (data_id, answer_id) VALUES (12, 25);
INSERT INTO data_answer (data_id, answer_id) VALUES (13, 20);
INSERT INTO data_answer (data_id, answer_id) VALUES (13, 1);
INSERT INTO data_answer (data_id, answer_id) VALUES (13, 7);
INSERT INTO data_answer (data_id, answer_id) VALUES (13, 15);
INSERT INTO data_answer (data_id, answer_id) VALUES (13, 25);
INSERT INTO data_answer (data_id, answer_id) VALUES (14, 4);
INSERT INTO data_answer (data_id, answer_id) VALUES (14, 12);
INSERT INTO data_answer (data_id, answer_id) VALUES (14, 19);
INSERT INTO data_answer (data_id, answer_id) VALUES (15, 2);
INSERT INTO data_answer (data_id, answer_id) VALUES (15, 6);
INSERT INTO data_answer (data_id, answer_id) VALUES (15, 8);
INSERT INTO data_answer (data_id, answer_id) VALUES (15, 14);
INSERT INTO data_answer (data_id, answer_id) VALUES (15, 17);
INSERT INTO data_answer (data_id, answer_id) VALUES (15, 26);
INSERT INTO data_answer (data_id, answer_id) VALUES (16, 1);
INSERT INTO data_answer (data_id, answer_id) VALUES (16, 5);
INSERT INTO data_answer (data_id, answer_id) VALUES (16, 9);
INSERT INTO data_answer (data_id, answer_id) VALUES (16, 12);
INSERT INTO data_answer (data_id, answer_id) VALUES (16, 16);
INSERT INTO data_answer (data_id, answer_id) VALUES (16, 21);
INSERT INTO data_answer (data_id, answer_id) VALUES (16, 26);
INSERT INTO data_answer (data_id, answer_id) VALUES (17, 10);
INSERT INTO data_answer (data_id, answer_id) VALUES (17, 15);
INSERT INTO data_answer (data_id, answer_id) VALUES (17, 19);
INSERT INTO data_answer (data_id, answer_id) VALUES (17, 22);
INSERT INTO data_answer (data_id, answer_id) VALUES (18, 2);
INSERT INTO data_answer (data_id, answer_id) VALUES (18, 8);
INSERT INTO data_answer (data_id, answer_id) VALUES (18, 22);
INSERT INTO data_answer (data_id, answer_id) VALUES (18, 26);
INSERT INTO data_answer (data_id, answer_id) VALUES (19, 3);
INSERT INTO data_answer (data_id, answer_id) VALUES (19, 7);
INSERT INTO data_answer (data_id, answer_id) VALUES (19, 10);
INSERT INTO data_answer (data_id, answer_id) VALUES (19, 14);
INSERT INTO data_answer (data_id, answer_id) VALUES (19, 16);
INSERT INTO data_answer (data_id, answer_id) VALUES (19, 21);
INSERT INTO data_answer (data_id, answer_id) VALUES (19, 24);
INSERT INTO data_answer (data_id, answer_id) VALUES (20, 5);
INSERT INTO data_answer (data_id, answer_id) VALUES (20, 14);
INSERT INTO data_answer (data_id, answer_id) VALUES (20, 17);
INSERT INTO data_answer (data_id, answer_id) VALUES (20, 23);
INSERT INTO data_answer (data_id, answer_id) VALUES (20, 27);
